Item,Post Title,Subtitle / Description,Content Type,Status,Main Topic,Subtopics,Action Date,Publish Date,Published Link,Related Resources,Main Post (Hub),Social Posts (Spokes),Instagram Caption,First Created,Last Edited
1,3 Little-Known Benefits Of Buying A Toddler Dog (4 Months & Older) vs A Puppy (4 Months & Younger),,"Blog Post, Newsletter",Published,"Puppies, Toddler Dogs",,"August 2, 2024","August 3, 2024",https://www.fineanddandyaussiedoodles.com/post/3-little-known-benefits-of-buying-a-toddler-dog-4-months-older-vs-a-puppy-4-months-younger,Laney Content Call 01 ‚Äì Interview Questions,,[Instagram Post] 3 Little-Known Benefits Of Buying A Toddler Dog (4 Months & Older) vs A Puppy (4 Months & Younger),,"August 28, 2024 11:19 AM","September 14, 2024 10:06 AM"
1.1,[Instagram Post] 3 Little-Known Benefits Of Buying A Toddler Dog (4 Months & Older) vs A Puppy (4 Months & Younger),,Instagram Post,Upcoming,"Puppies, Toddler Dogs",,,,,,3 Little-Known Benefits Of Buying A Toddler Dog (4 Months & Older) vs A Puppy (4 Months & Younger),,,"September 12, 2024 4:54 AM","September 14, 2024 10:00 AM"
2,"The ""Puppy Honeymoon Phase"": 3 Bad Habits To Ditch In Your Dog's First Week Home (To Build Lasting Positive Behaviors)",,"Blog Post, Newsletter",Published,Puppies,,"August 16, 2024","August 17, 2024",https://www.fineanddandyaussiedoodles.com/post/the-puppy-honeymoon-phase-3-bad-habits-to-ditch-in-your-dog-s-first-week-home-to-build-lasting-p,Laney Content Call 02 ‚Äì Interview Questions,,"[Instagram Post] The ""Puppy Honeymoon Phase"": 3 Bad Habits To Ditch In Your Dog's First Week Home (To Build Lasting Positive Behaviors)",,"August 28, 2024 11:19 AM","September 14, 2024 10:06 AM"
2.1,"[Instagram Post] The ""Puppy Honeymoon Phase"": 3 Bad Habits To Ditch In Your Dog's First Week Home (To Build Lasting Positive Behaviors)",,Instagram Post,Upcoming,Puppies,,,,,,"The ""Puppy Honeymoon Phase"": 3 Bad Habits To Ditch In Your Dog's First Week Home (To Build Lasting Positive Behaviors)",,,"September 12, 2024 4:55 AM","September 14, 2024 9:56 AM"
3,5 Questions You Should Consider When Deciding To Get An Aussie Doodle,,"Blog Post, Newsletter",Published,Preparation,,"August 28, 2024","August 29, 2024",https://www.fineanddandyaussiedoodles.com/post/5-questions-you-should-consider-when-deciding-to-get-an-aussie-doodle,Laney Content Call 03 ‚Äì Interview Questions,,[Instagram Post] 5 Questions You Should Consider When Deciding To Get An Aussie Doodle,,"August 28, 2024 11:19 AM","September 14, 2024 10:09 AM"
3.1,[Instagram Post] 5 Questions You Should Consider When Deciding To Get An Aussie Doodle,,Instagram Post,Upcoming,,,,,,,5 Questions You Should Consider When Deciding To Get An Aussie Doodle,,,"September 12, 2024 4:55 AM","September 14, 2024 9:51 AM"
4,How To Successfully Bring Your Aussie Doodle Home This Holiday Season (Without Last-Minute Travel Chaos),"5 Proven Tips For The Easiest Puppy Arrival Ever","Blog Post, Newsletter",Published,Puppies,"Christmas Season, Holiday Travel","September 12, 2024","September 13, 2024",https://www.fineanddandyaussiedoodles.com/post/how-to-successfully-bring-your-aussie-doodle-home-this-holiday-season-without-last-minute-travel-ch,Laney Content Call 04 ‚Äì Interview Questions,,[Instagram Post] How To Successfully Bring Your Aussie Doodle Home This Holiday Season (Without Last-Minute Travel Chaos),,"September 13, 2024 2:07 PM","September 14, 2024 10:57 AM"
4.1,[Instagram Post] How To Successfully Bring Your Aussie Doodle Home This Holiday Season (Without Last-Minute Travel Chaos),"5 Proven Tips For The Easiest Puppy Arrival Ever",Instagram Post,Upcoming,Puppies,"Christmas Season, Holiday Travel",,,,,How To Successfully Bring Your Aussie Doodle Home This Holiday Season (Without Last-Minute Travel Chaos),,"Dreaming of an Aussie Doodle under your Christmas tree, but stressing about holiday travel chaos? I've been there, and I've got you covered. üéÑüêæ

Bringing home your new best friend during the holidays can actually be smooth and stress-free. Here's my tried-and-true gameplan:

1. Choose your perfect match (trust me, personality and compatibility matter!)
2. Book travel early (aim for October / November)
3. Prep essentials for the journey AND your arrival home
4. Nail down pickup details (always have a Plan B)
5. Create a cozy, safe welcome home

By following these steps, you're not just dodging stress ‚Äî you're setting the stage for years of happiness with your new best friend. Imagine the difference between a chaotic arrival and a joyful, seamless transition. Your future self (and pup!) will thank you.

Ready to make your Aussie Doodle dreams a reality? I've got a full guide waiting for you.

Plus, for a limited time, get $500 off our Christmas puppies! This offer expires October 31st, so act soon before all the puppies are spoken for.

Click the link in my story or bio to get the full guide and browse our available puppies. Let's find your perfect match! üê∂‚ô•Ô∏è

#AussieDoodle #HolidayPuppy #NewDogTips #PetTravel #DoodleLife #PuppyPrep #AussieDoodleOwners #ChristmasDog #DogAdoption #NewPetOwner #DoodleCommunity #PetParentAdvice","September 13, 2024 2:07 PM","September 14, 2024 11:19 PM"